<?xml version="1.0" encoding="utf-8" ?>
<Defs>
	<AbilityGroupDef>
		<defName>TribalGenetics_ShamanAbilities</defName>
		<cooldownTicks>180000</cooldownTicks>
	</AbilityGroupDef>

	<AbilityDef>
		<defName>TribalGenetics_ShamanExtraction</defName>
		<label>extract genes</label>
		<jobDef>CastAbilityOnThing</jobDef>
		<groupDef>TribalGenetics_ShamanAbilities</groupDef>
		<displayGizmoWhileUndrafted>True</displayGizmoWhileUndrafted>
		<disableGizmoWhileUndrafted>false</disableGizmoWhileUndrafted>
		<description>Extract genetic material from a corpse. The tools are crude, so they can only extract tier 1 genetics, and it will take several days to prepare them for use again.</description>
		<targetRequired>True</targetRequired>
		<gizmoClass>Command_Ability</gizmoClass>
		<iconPath>UI/ExtractGenome</iconPath>
		<uiOrder>1</uiOrder>
		
		<verbProperties>
			<verbClass>Verb_CastAbility</verbClass>
			<warmupTime>5</warmupTime>
			<range>1</range>
			<targetParams>

				<canTargetItems>true</canTargetItems>
                <mapObjectTargetsMustBeAutoAttackable>false</mapObjectTargetsMustBeAutoAttackable>

			</targetParams>
		</verbProperties>
		<comps>
			<li Class="TribalGenetics.CompProperties_AbilityExtractGenes">
            </li>
		</comps>
		<requiredMemes>
			<li>TribalGenetics</li>
		</requiredMemes>
	</AbilityDef>
    		
</Defs>