<?xml version="1.0" encoding="utf-8" ?>
<Defs>

  <RitualPatternDef>
    <defName>TribalGenetics_GrinderSacrificePrisoner_Pattern</defName>
	<ritualOnlyForIdeoMembers>true</ritualOnlyForIdeoMembers>
    <ritualBehavior>GrinderSacrificePrisoner</ritualBehavior>
    <ritualObligationTargetFilter>TribalGenetics_GrinderTarget</ritualObligationTargetFilter>
    <alwaysStartAnytime>true</alwaysStartAnytime>
	<ritualOutcomeEffect>GrinderSacrificePrisoner_Outcome</ritualOutcomeEffect>
	<playsIdeoMusic>true</playsIdeoMusic>
  </RitualPatternDef>

    <RitualPatternDef>
    <defName>TribalGenetics_GrinderSacrificeAnimal_Pattern</defName>
	<ritualOnlyForIdeoMembers>true</ritualOnlyForIdeoMembers>
    <ritualBehavior>GrinderSacrificeAnimal</ritualBehavior>
    <ritualObligationTargetFilter>TribalGenetics_GrinderTarget</ritualObligationTargetFilter>
    <alwaysStartAnytime>true</alwaysStartAnytime>
	<ritualOutcomeEffect>GrinderSacrificeAnimal_Outcome</ritualOutcomeEffect>
	<playsIdeoMusic>true</playsIdeoMusic>
  </RitualPatternDef>
 

</Defs>