<?xml version="1.0" encoding="utf-8"?>

<ModMetaData>
	<name>Tribal Genetics</name>
	<author>Jangles</author>
    <packageId>Jangles.TribalGenetics</packageId>
	<supportedVersions>
		<li>1.3</li>
	</supportedVersions>
    <modDependencies>
		<li>
			<packageId>brrainz.harmony</packageId>
			<displayName>Harmony</displayName>
			<steamWorkshopUrl>steam://url/CommunityFilePage/2009463077</steamWorkshopUrl>
			<downloadUrl>https://github.com/pardeike/HarmonyRimWorld/releases/latest</downloadUrl>
		</li>
		<li>
			<packageId>OskarPotocki.VanillaFactionsExpanded.Core</packageId>
			<displayName>Vanilla Expanded Framework</displayName>
			<steamWorkshopUrl>https://steamcommunity.com/sharedfiles/filedetails/?id=1854607105</steamWorkshopUrl>
		</li>
		<li>
			<packageId>VanillaExpanded.VGeneticsE</packageId>
			<displayName>Vanilla Genetics Expanded</displayName>
			<steamWorkshopUrl>https://steamcommunity.com/sharedfiles/filedetails/?id=1854607105</steamWorkshopUrl>
		</li>
	</modDependencies>
     <loadAfter>
		<li>Ludeon.RimWorld</li>
		<li>Ludeon.RimWorld.Royalty</li>
		<li>brrainz.harmony</li>
        <li>OskarPotocki.VanillaFactionsExpanded.Core</li>
        <li>VanillaExpanded.VGeneticsE</li>	  
    </loadAfter>
	<description>This mod adds new methods of interacting with the Vanilla Genetics Expanded mechanics, particularly for colonies that aren't technologically advanced enough to research it themselves. \n\nThe new Sacred Genetics meme will give you access to new buildings, roles, and rituals that provide alternative ways of creating genomes, genoframes, and implants. \n\nCHANGELOG:\n - 1.1: You can now craft genetrainers at the sanctified genetics table if you have VGE - More Lab Stuff installed.</description>
</ModMetaData>